_id,title,category
5d656c39214a28c36d3a3bac,Hostages swapped for three militants,POLITICS
5d656c3a214a28c36d3a3bae,Man must adhere to code of ethics,POLITICS
5d656c3a214a28c36d3a3bad,A disappointing experience,WELLNESS
5d656c3a214a28c36d3a3bb1,The view from the IC-814 cockpit,TRAVEL
5d656c3a214a28c36d3a3baf,Curfew fails to quell riots in Ambon,POLITICS
5d656c3a214a28c36d3a3bb0,Pondy CM to meet Sinha again,POLITICS
5d656c3a214a28c36d3a3bb2,N-installation lists exchanged,POLITICS
5d656c3a214a28c36d3a3bb3,What really happened at Amritsar?,POLITICS
5d656c3c214a28c36d3a3bb4,Hijackers headed for Kashmir?,POLITICS
5d656c3d214a28c36d3a3bb5,Stop the violence,POLITICS
5d656c3e214a28c36d3a3bb6,Dawn of the millennium,ENTERTAINMENT
5d656c3e214a28c36d3a3bb7,"dated January 1, 1950: Dr. Ida S. Scudder",ENTERTAINMENT
5d656c3e214a28c36d3a3bb8,"Tendulkar, McGrath prove their superiority",POLITICS
5d656c3e214a28c36d3a3bb9,London Eye' comes to a grinding halt,POLITICS
5d656c3e214a28c36d3a3bba,Critical sectors safe,POLITICS
5d656c3e214a28c36d3a3bbb,Minister had named the same three militants,POLITICS
5d656c3e214a28c36d3a3bbc,BJP's 'hard state' line takes a beating,POLITICS
5d656c3f214a28c36d3a3bbd,The Seattle chaos,POLITICS
5d656c3f214a28c36d3a3bbe,Bradman still casts a giant shadow,POLITICS
5d656c3f214a28c36d3a3bbf,Projecting a global image,POLITICS
5d656c3f214a28c36d3a3bc0,Hijackers tried to save Rupin',POLITICS
5d656c3f214a28c36d3a3bc1,Edible oils to cost more in Gujarat,WELLNESS
5d656c40214a28c36d3a3bc2,Govt. sees 'gains' in hijacking drama,POLITICS
5d656c40214a28c36d3a3bc3,Security reviewed,POLITICS
5d656c40214a28c36d3a3bc4,New millennium ushered in,ENTERTAINMENT
5d656c41214a28c36d3a3bc5,A barefoot friend of the tiger,WELLNESS
5d656c41214a28c36d3a3bc6,No glitches in South-east Asia,POLITICS
5d656c41214a28c36d3a3bc7,Sales tax on 37 items hiked,POLITICS
5d656c41214a28c36d3a3bc8,They were key players in reviving militancy,POLITICS
5d656c42214a28c36d3a3bc9,"Hijack footprints lead to Pakistan, says Jaswant",POLITICS
5d656c42214a28c36d3a3bca,The icons who ruled the century,POLITICS
5d656c43214a28c36d3a3bcb,A fundamental flaw,POLITICS
5d656c43214a28c36d3a3bcc,Opposition may turn the heat on Govt.,POLITICS
5d656c43214a28c36d3a3bcd,Instant but lasting impression,WELLNESS
5d656c43214a28c36d3a3bce,Sri Lanka ushers in new millennium amid heavy fighting,POLITICS
5d656c43214a28c36d3a3bcf,Jakanachari Award for Shamraya Acharya,ENTERTAINMENT
5d656c43214a28c36d3a3bd0,"U.S., India were in constant touch'",POLITICS
5d656c43214a28c36d3a3bd1,Govt. has bungled: Left,POLITICS
5d656c43214a28c36d3a3bd2,Ministerian reveals his Classic intentions,ENTERTAINMENT
5d656c44214a28c36d3a3bd3,The wise elephant,WELLNESS
5d656c44214a28c36d3a3bd4,"Hijackers threatened to kill, also cracked jokes",POLITICS
5d656c44214a28c36d3a3bd5,Case filed against Haryana DGP,POLITICS
5d656c45214a28c36d3a3bd6,Wahid warns Irian Jaya against rebellion,POLITICS
5d656c45214a28c36d3a3bd7,Racing against the sun,TRAVEL
5d656c45214a28c36d3a3bd8,Iran closed airspace for the plane,POLITICS
5d656c45214a28c36d3a3bd9,Explosives removed by Taliban,POLITICS
5d656c45214a28c36d3a3bda,Allaire justifies looks,POLITICS
5d656c46214a28c36d3a3bdb,Hijackers kill colleague,POLITICS
5d656c46214a28c36d3a3bdc,"Taliban's origins: Deoband, U.P., 1867",POLITICS
5d656c46214a28c36d3a3bdd,ST floor rates from today,POLITICS
5d656c46214a28c36d3a3bde,"President, PM stress need for constant vigil",POLITICS
5d656c46214a28c36d3a3bdf,Life of a legend,ENTERTAINMENT
5d656c46214a28c36d3a3be0,Govt. had no other option: experts,POLITICS
5d656c46214a28c36d3a3be1,Appu and D'Silva corner glory,TRAVEL
5d656c46214a28c36d3a3be2,Singapore PM to focus on South,POLITICS
5d656c47214a28c36d3a3be3,Jaswant's Singapore visit postponed,TRAVEL
5d656c47214a28c36d3a3be4,New Delhi expected too much from Taliban,POLITICS
5d656c48214a28c36d3a3be5,Pak. should be held accountable: Pallone,POLITICS
5d656c48214a28c36d3a3be6,Taliban is the biggest gainer,POLITICS
5d656c48214a28c36d3a3be7,Polar Falcon trounces field,POLITICS
5d656c48214a28c36d3a3be8,Shapes and spaces,WELLNESS
5d656c48214a28c36d3a3be9,"Hijackers, militants Quetta-bound: Taliban",POLITICS
5d656c48214a28c36d3a3bea,Rural uplift main thrust area: CM,POLITICS
5d656c49214a28c36d3a3beb,Eight villagers killed in firing,POLITICS
5d656c49214a28c36d3a3bec,Setback to India',POLITICS
5d656c49214a28c36d3a3bed,"President, Vice-President greet people",POLITICS
5d656c4a214a28c36d3a3bee,Security at the airports,POLITICS
5d656c4a214a28c36d3a3bef,The moments that will live forever,ENTERTAINMENT
5d656c4a214a28c36d3a3bf0,Nimble numbers,POLITICS
5d656c4a214a28c36d3a3bf1,They don't fit the bill,POLITICS
5d656c4a214a28c36d3a3bf2,U.S. for prosecution of those involved in hijack,POLITICS
5d656c4a214a28c36d3a3bf3,"Yeltsin resigns, Putin takes over",POLITICS
5d656c4a214a28c36d3a3bf4,13 killed in Kashmir,POLITICS
5d656c4b214a28c36d3a3bf5,A calculated move to help Putin,POLITICS
5d656c4b214a28c36d3a3bf6,CSO estimates 6 p.c. GDP growth in Q2,POLITICS
5d656c4c214a28c36d3a3bf7,Into the new millennium... Gold Flake Open reflects the game's cultural leap,POLITICS
5d656c4c214a28c36d3a3bf8,Millennium Award presented to C.Subramaniam,ENTERTAINMENT
5d656c4c214a28c36d3a3bf9,The world of camel and llama,TRAVEL
5d656c4c214a28c36d3a3bfa,"Welcome change, Clinton tells nation",POLITICS
5d656c4c214a28c36d3a3bfb,"PM greets President, Vice-President",POLITICS
5d656c4e214a28c36d3a3bfd,A searching question,POLITICS
5d656c4e214a28c36d3a3bfc,Great relief but a heavy price,POLITICS
5d656c4e214a28c36d3a3bfe,"Sky marshals in IA, AI flights",TRAVEL
5d656c4e214a28c36d3a3bff,Double crown for Ursa Vesenjak,POLITICS
5d656c4e214a28c36d3a3c00,Agarwal remanded to judicial custody,POLITICS
5d656c4f214a28c36d3a3c01,Crow in my balcony,POLITICS
5d656c4f214a28c36d3a3c02,Kashmiris indifferent to hijack,POLITICS
5d656c4f214a28c36d3a3c03,Goa bans smoking in public places,WELLNESS
5d656c50214a28c36d3a3c04,CM announces award for proficiency in Thirukural,ENTERTAINMENT
5d656c50214a28c36d3a3c05,"Navratilova, the toast",POLITICS
5d656c50214a28c36d3a3c06,Some plain speak on policy,POLITICS
5d656c50214a28c36d3a3c07,Swamy demands PM's resignation,POLITICS
5d656c50214a28c36d3a3c08,"Evolve policy to combat lead poisoning, Centre urged",POLITICS
5d656c50214a28c36d3a3c09,Bahrain and Qatar in historic make-up,POLITICS
5d656c51214a28c36d3a3c0a,A.P. accedes to T.N. request for water,POLITICS
5d656c51214a28c36d3a3c0b,Newscan,POLITICS
5d656c51214a28c36d3a3c0c,EC reviews arrangements for Assembly elections,POLITICS
5d656c51214a28c36d3a3c0d,Signature campaign to release Kolappan panel report,POLITICS
5d656c52214a28c36d3a3c0e,Rupee may remain stable in Y2K',POLITICS
5d656c52214a28c36d3a3c0f,NHRC awards compensation for 'illegal detention',POLITICS
5d656c52214a28c36d3a3c10,The Rocket blazes into tennis immortality,WELLNESS
5d656c52214a28c36d3a3c11,Britons take to the streets,POLITICS
5d656c52214a28c36d3a3c12,A smile that was,WELLNESS
5d656c52214a28c36d3a3c13,ISRO satellites make transition,POLITICS
5d656c53214a28c36d3a3c14,West Bengal Govt. unfolds new IT policy,POLITICS
5d656c53214a28c36d3a3c15,"Hijack, a part of 'operation Ramadan'",POLITICS
5d656c53214a28c36d3a3c16,Trio on a musical trip,ENTERTAINMENT
5d656c53214a28c36d3a3c17,"Not Y2K babies, just God's gift",PARENTING
5d656c54214a28c36d3a3c18,The heartbreaks of the millennium,ENTERTAINMENT
5d656c54214a28c36d3a3c19,American national reported missing,POLITICS
5d656c54214a28c36d3a3c1a,U.S. makes nation-wide security sweep,POLITICS
5d656c54214a28c36d3a3c1b,Putin visits Chechnya,POLITICS
5d656c55214a28c36d3a3c1c,Security at Meerut rly station tightened,POLITICS
5d656c55214a28c36d3a3c1d,"Hijack 'episode', a call to beef up security",POLITICS
5d656c55214a28c36d3a3c1e,India posts second win,POLITICS
5d656c55214a28c36d3a3c1f,Coconut mite disease: Centre awaiting experts' report,WELLNESS
5d656c56214a28c36d3a3c21,His first flight was into terror,POLITICS
5d656c56214a28c36d3a3c20,"The food was stale, tasteless'",WELLNESS
5d656c56214a28c36d3a3c22,Clinton pays warm tributes to Yeltsin,POLITICS
5d656c56214a28c36d3a3c23,A legend in his own right,ENTERTAINMENT
5d656c57214a28c36d3a3c24,Badal inducts 15 new Ministers,POLITICS
5d656c57214a28c36d3a3c25,ATC official at Kandahar loses job,POLITICS
5d656c57214a28c36d3a3c26,The greatest in one hundred years,POLITICS
5d656c58214a28c36d3a3c27,Nayanar crosses swords with Rajagopal,POLITICS
5d656c58214a28c36d3a3c28,Curfew in Surankot,POLITICS
5d656c58214a28c36d3a3c29,World ushers in new millennium,ENTERTAINMENT
5d656c59214a28c36d3a3c2a,Hijackers largely relied on in-flight doctors',POLITICS
5d656c59214a28c36d3a3c2b,One-month ban for Akhtar,POLITICS
5d656c59214a28c36d3a3c2c,India enters semifinals,POLITICS
5d656c59214a28c36d3a3c2d,Terror in the mountains,POLITICS
5d656c59214a28c36d3a3c2e,Karunanidhi congratulates PM,POLITICS
5d656c59214a28c36d3a3c2f,Capricorn,POLITICS
5d656c5a214a28c36d3a3c30,Indian writing gets a boost,POLITICS
5d656c5a214a28c36d3a3c31,Chandrika for U.S.,POLITICS
5d656c5a214a28c36d3a3c32,From Asoka to Bill Gates,POLITICS
5d656c5a214a28c36d3a3c33,Flakes of golden memories,POLITICS
5d656c5a214a28c36d3a3c34,Democracy devalued?,POLITICS
5d656c5b214a28c36d3a3c35,CM unveils Thiruvalluvar statue,POLITICS
5d656c5b214a28c36d3a3c36,Lee making 'rapid strides' is not good news for Indians,POLITICS
5d656c5b214a28c36d3a3c37,Aquarius,POLITICS
5d656c5b214a28c36d3a3c38,Where are the penpushers?,POLITICS
5d656c5b214a28c36d3a3c39,9 Kashmiris held in Nizamabad,POLITICS
5d656c5b214a28c36d3a3c3a,Taliban disowns statement,POLITICS
5d656c5c214a28c36d3a3c3b,U.S. newspaper apologises to Sikh community,POLITICS
5d656c5c214a28c36d3a3c3c,Oils packaging order comes into force,POLITICS
5d656c5c214a28c36d3a3c3d,Hope and despair,POLITICS
5d656c5c214a28c36d3a3c3e,New voices on screen,ENTERTAINMENT
5d656c5d214a28c36d3a3c40,Pisces,POLITICS
5d656c5d214a28c36d3a3c41,India ready to back claim on Pak. role,POLITICS
5d656c5d214a28c36d3a3c3f,From Copernicus to Freud: Five books that changed the world,POLITICS
5d656c5d214a28c36d3a3c42,Pak. shelling in Uri sector,POLITICS
5d656c5e214a28c36d3a3c43,"Urdu couplets, jokes and threats",POLITICS
5d656c5e214a28c36d3a3c44,Eight killed in road accident,ENTERTAINMENT
5d656c5e214a28c36d3a3c45,Winners and washouts,ENTERTAINMENT
5d656c5e214a28c36d3a3c46,Matrimonial - Bridegrooms Wanted,POLITICS
5d656c5e214a28c36d3a3c48,Caging the Khmer Rouge,POLITICS
5d656c5e214a28c36d3a3c47,Dear Reader,POLITICS
5d656c5f214a28c36d3a3c49,Harkat behind hijack',POLITICS
5d656c5f214a28c36d3a3c4a,Oil pipeline blown up,POLITICS
5d656c5f214a28c36d3a3c4b,TMC plans yatra to highlight rural problems,POLITICS
5d656c5f214a28c36d3a3c4c,Off-stage comes on stage,POLITICS
5d656c60214a28c36d3a3c4d,Kathmandu airport was like a bus stand',TRAVEL
5d656c60214a28c36d3a3c4e,Real Estate - Selling,POLITICS
5d656c60214a28c36d3a3c4f,The millennium's canon,ENTERTAINMENT
5d656c60214a28c36d3a3c50,Battle for the ballot,POLITICS
5d656c60214a28c36d3a3c51,Commercial strokes?,ENTERTAINMENT
5d656c61214a28c36d3a3c52,BJP wants Pak. to hand over hijackers,POLITICS
5d656c61214a28c36d3a3c53,DMK tightens entry norms for party posts,POLITICS
5d656c61214a28c36d3a3c54,Britain not to block entry of released militant,POLITICS
5d656c61214a28c36d3a3c55,Matrimonial - Brides Wanted,POLITICS
5d656c61214a28c36d3a3c56,Sangita Kalanidhi' conferred on T. K. Govinda Rao,POLITICS
5d656c62214a28c36d3a3c57,Exports up in Nov.,POLITICS
5d656c62214a28c36d3a3c58,Boom time for children's books,POLITICS
5d656c62214a28c36d3a3c59,Y2K fails to bug Tamil Nadu,WELLNESS
5d656c62214a28c36d3a3c5a,Release of hostages is not the end of matter: U.S.,POLITICS
5d656c62214a28c36d3a3c5b,Strumming a message,POLITICS
5d656c63214a28c36d3a3c5c,Rental,TRAVEL
5d656c63214a28c36d3a3c5d,Week-long Science Congress begins today,POLITICS
5d656c63214a28c36d3a3c5e,Planets in Navamsa,TRAVEL
5d656c63214a28c36d3a3c5f,Defending the Dalit cause,POLITICS
5d656c63214a28c36d3a3c60,Dark clouds over Dhaka,WELLNESS
5d656c64214a28c36d3a3c61,Quest of a different kind,WELLNESS
5d656c64214a28c36d3a3c62,Revelry to ring in the New Year,ENTERTAINMENT
5d656c64214a28c36d3a3c63,Changes in the new year,POLITICS
5d656c64214a28c36d3a3c64,BJP giving up swadeshi plank?,WELLNESS
5d656c64214a28c36d3a3c65,A sell-out: Swamy,POLITICS
5d656c65214a28c36d3a3c66,Aries,ENTERTAINMENT
5d656c65214a28c36d3a3c67,Action against directors of corporate NBFCs draws flak,POLITICS
5d656c65214a28c36d3a3c68,Uneasy solitude,POLITICS
5d656c65214a28c36d3a3c69,Some lessons in journalism,POLITICS
5d656c66214a28c36d3a3c6b,Business Offers,POLITICS
5d656c66214a28c36d3a3c6a,Hardliners hold sway in W.Bengal CPI(M),POLITICS
5d656c66214a28c36d3a3c6c,"Hijackers collected Rs. 71,000 for gift to Taliban'",POLITICS
5d656c66214a28c36d3a3c6d,Why Zargar's release was sought,POLITICS
5d656c66214a28c36d3a3c6e,Taurus,POLITICS
5d656c67214a28c36d3a3c6f,Tamil Nadu and Railways take titles,POLITICS
5d656c67214a28c36d3a3c70,Hijack,POLITICS
5d656c67214a28c36d3a3c71,Threading together centuries,ENTERTAINMENT
5d656c67214a28c36d3a3c72,Into the life of Parsis,WELLNESS
5d656c68214a28c36d3a3c73,"Swap, a blow to security forces: experts",POLITICS
5d656c68214a28c36d3a3c74,"We have evidence against Pak., says Brajesh Mishra",POLITICS
5d656c68214a28c36d3a3c76,Top Chechen rebels killed in air strikes,POLITICS
5d656c68214a28c36d3a3c75,Gemini,POLITICS
5d656c68214a28c36d3a3c77,Adoor at the French Cinematheque,TRAVEL
5d656c68214a28c36d3a3c78,Madras Miscellany,POLITICS
5d656c68214a28c36d3a3c79,"MTNL, Sun TV tie up for Internet",ENTERTAINMENT
5d656c69214a28c36d3a3c7a,Warriors in a Himalayan kingdom,POLITICS
5d656c69214a28c36d3a3c7b,Uniform sales tax : 'CM has surrendered to Centre',POLITICS
5d656c69214a28c36d3a3c7c,Inflation crosses 3 p.c. mark,POLITICS
5d656c69214a28c36d3a3c7d,Cancer,WELLNESS
5d656c6a214a28c36d3a3c7e,U.S. pins hopes on W. Asia talks,POLITICS
5d656c6a214a28c36d3a3c7f,Thoughts for the new year,WELLNESS
5d656c6a214a28c36d3a3c80,Between You and Me,POLITICS
5d656c6a214a28c36d3a3c81,Missed opportunities,POLITICS
5d656c6a214a28c36d3a3c82,England may bring back Vaughan,WELLNESS
5d656c6b214a28c36d3a3c83,Leo,ENTERTAINMENT
5d656c6b214a28c36d3a3c84,Emotional reception for hostages,POLITICS
5d656c6b214a28c36d3a3c85,EC to review law and order in four States,POLITICS
5d656c6c214a28c36d3a3c86,Mapping the millennium: Understanding consciousness,WELLNESS
5d656c6c214a28c36d3a3c87,Cold wave claims more lives in Bihar,POLITICS
5d656c6c214a28c36d3a3c88,A different feminist,POLITICS
5d656c6c214a28c36d3a3c89,Last chance for Indians to redeem their pride,POLITICS
5d656c6c214a28c36d3a3c8a,As technology races by...,POLITICS
5d656c6d214a28c36d3a3c8b,No message of peace for Kashmir,POLITICS
5d656c6e214a28c36d3a3c8c,Novelist of the century',POLITICS
5d656c6e214a28c36d3a3c8d,Mapping the millennium: It takes all types...,WELLNESS
5d656c6e214a28c36d3a3c8e,Shift in S.Africa's policy on Western Sahara?,POLITICS
5d656c6e214a28c36d3a3c8f,Virgo,POLITICS
5d656c6e214a28c36d3a3c90,Amazing Girl bags The Hindu Bangalore Oaks,STYLE & BEAUTY
5d656c6e214a28c36d3a3c91,Millennium musings,ENTERTAINMENT
5d656c6e214a28c36d3a3c92,Plastic surgery - the danger in delay,POLITICS
5d656c6e214a28c36d3a3c93,At the Taliban's mercy,POLITICS
5d656c6f214a28c36d3a3c94,PM's intervention sought in border row,POLITICS
5d656c70214a28c36d3a3c95,Mapping the millennium: Colours of culture,ENTERTAINMENT
5d656c70214a28c36d3a3c96,Libra,POLITICS
5d656c70214a28c36d3a3c97,A batsman who adds carefree confidence to brilliance,WELLNESS
5d656c70214a28c36d3a3c98,Clinton 'looking forward' to visit,POLITICS
5d656c70214a28c36d3a3c99,Countering the revivalist spirit,WELLNESS
5d656c70214a28c36d3a3c9a,Tight security for Janmabhoomi,POLITICS
5d656c70214a28c36d3a3c9b,The unanswered questions,POLITICS
5d656c71214a28c36d3a3c9c,Mapping the millennium: Innovative creators,ENTERTAINMENT
5d656c71214a28c36d3a3c9d,Scorpio,POLITICS
5d656c71214a28c36d3a3c9e,Mamata defends PM on hijack issue,POLITICS
5d656c72214a28c36d3a3c9f,Leopard trapped in house,POLITICS
5d656c72214a28c36d3a3ca0,Killing fields in Africa,POLITICS
5d656c72214a28c36d3a3ca1,Violence spreads in Spice Islands,POLITICS
5d656c72214a28c36d3a3ca2,Looking ahead with hope,POLITICS
5d656c72214a28c36d3a3ca3,Adequate Central forces for Bihar Assembly polls sought,POLITICS
5d656c73214a28c36d3a3ca4,Mild tremor in Guwahati,WELLNESS
5d656c73214a28c36d3a3ca5,Sagittarius,POLITICS
5d656c74214a28c36d3a3ca6,Costly freedom,POLITICS
5d656c74214a28c36d3a3ca7,Release illegal',POLITICS
5d656c74214a28c36d3a3ca8,Mapping the millennium: Difficult times for individuality,WELLNESS
5d656c74214a28c36d3a3ca9,North prevails in thriller,POLITICS
5d656c74214a28c36d3a3caa,Chautala may find it tough in mid-term poll,POLITICS
5d656c74214a28c36d3a3cab,Barak has ace up his sleeve?,WELLNESS
5d656c75214a28c36d3a3cac,Of false leads and half-truths,POLITICS
5d656c75214a28c36d3a3cad,England loses ground after solid start,POLITICS
5d656c76214a28c36d3a3cae,Pak. embassy official held in Nepal,POLITICS
5d656c76214a28c36d3a3caf,Know Your English,POLITICS
5d656c76214a28c36d3a3cb0,"dated January 3, 1950: ''No'' to reunion of India and Pakistan",ENTERTAINMENT
5d656c76214a28c36d3a3cb1,Dattatreya demands white paper on Telangana,POLITICS
5d656c76214a28c36d3a3cb2,Defeat at Kandahar - I,POLITICS
5d656c76214a28c36d3a3cb3,A testimony to TMC leader's goodwill: CM,POLITICS
5d656c76214a28c36d3a3cb4,Pakistan crashes to defeat,POLITICS
5d656c76214a28c36d3a3cb5,Help India in bringing hijackers to book: Ackerman,WELLNESS
5d656c77214a28c36d3a3cb6,A step towards career-oriented study,WELLNESS
5d656c77214a28c36d3a3cb7,Business Offers,POLITICS
5d656c77214a28c36d3a3cb8,Hike in R&D allocation to boost S&T: PM,POLITICS
5d656c78214a28c36d3a3cb9,Suicide bombers 'identified',THE WORLDPOST
5d656c78214a28c36d3a3cba,Apathy to corruption,POLITICS
5d656c78214a28c36d3a3cbb,Education programme for prisoners,POLITICS
5d656c78214a28c36d3a3cbc,"Astle, Cairns guide New Zealand to victory",POLITICS
5d656c78214a28c36d3a3cbd,PM presents awards to 21 scientists,WELLNESS
5d656c79214a28c36d3a3cbe,Essential values of Sikhism,WELLNESS
5d656c79214a28c36d3a3cbf,Moopanar leaves for Delhi,POLITICS
5d656c79214a28c36d3a3cc0,Matrimonial - Bridegrooms Wanted,POLITICS
5d656c79214a28c36d3a3cc1,PMK resents invitation to Dheeran,POLITICS
5d656c79214a28c36d3a3cc2,Drop in Centre's borrowing,POLITICS
5d656c7a214a28c36d3a3cc4,Russian troops suffer heavy losses,POLITICS
5d656c7a214a28c36d3a3cc3,Star Performer triumphs,ENTERTAINMENT
5d656c7a214a28c36d3a3cc5,BJP for special courts to quicken trial of terrorists,POLITICS
5d656c7a214a28c36d3a3cc6,Where non-Dalit commentators err,WELLNESS
5d656c7b214a28c36d3a3cc7,Christians to raise Rs.10 cr. for rehabilitation project in Orissa,POLITICS
5d656c7b214a28c36d3a3cc8,GTB unveils code of corporate governance,POLITICS
5d656c7b214a28c36d3a3cc9,Hold trial daily against Jayalalitha: Janata Party,POLITICS
5d656c7b214a28c36d3a3cca,All in the game,ENTERTAINMENT
5d656c7b214a28c36d3a3ccb,Girl From Ipanema wins main event,POLITICS
5d656c7b214a28c36d3a3ccc,Airport did not have ladder,TRAVEL
5d656c7c214a28c36d3a3ccd,"11,000 Pakistanis overstaying'",POLITICS
5d656c7c214a28c36d3a3cce,Question of human choice,POLITICS
5d656c7c214a28c36d3a3ccf,Now for a thorough inquiry,POLITICS
5d656c7c214a28c36d3a3cd0,Officials 'sanction' a layout for themselves,POLITICS
5d656c7d214a28c36d3a3cd1,Mob attacks newspaper office,POLITICS
5d656c7d214a28c36d3a3cd2,Indians' dream ends,POLITICS
5d656c7d214a28c36d3a3cd3,"dated January 4, 1950: Victory",POLITICS
5d656c7d214a28c36d3a3cd4,Yeltsin may have links to frozen Swiss accounts',WELLNESS
5d656c7d214a28c36d3a3cd5,Tension continues in Orissa village,POLITICS
5d656c7d214a28c36d3a3cd6,Chasing the millennial sun,TRAVEL
5d656c7e214a28c36d3a3cd7,NSE conducts second mock trading,POLITICS
5d656c7e214a28c36d3a3cd8,Pongal bonus announced,POLITICS
5d656c7e214a28c36d3a3cd9,Welfare schemes popular in other States: CM,POLITICS
5d656c7e214a28c36d3a3cda,Gold Flake Open: All eyes on Kafelnikov,POLITICS
5d656c7f214a28c36d3a3cdb,Splendour of the scriptures,POLITICS
5d656c7f214a28c36d3a3cdc,Aviation Security Force planned,POLITICS
5d656c7f214a28c36d3a3cdd,Massacre reveals flaws in Lusaka accord,POLITICS
5d656c7f214a28c36d3a3cde,"Governance, technology advancement key challenges of future",POLITICS
5d656c7f214a28c36d3a3cdf,Specialty Chemical industry eyes future with confidence,WELLNESS
5d656c7f214a28c36d3a3ce0,New scheme to encourage traffic police,POLITICS
5d656c80214a28c36d3a3ce1,And the show went on...,POLITICS
5d656c80214a28c36d3a3ce2,Badawi emerges Mahathir's heir apparent,POLITICS
5d656c80214a28c36d3a3ce3,NGOs keep cyclone survivors' hopes alive,POLITICS
5d656c80214a28c36d3a3ce4,India wants Pak. declared a terrorist state,POLITICS
5d656c80214a28c36d3a3ce5,They asked her to spell 'coffin',POLITICS
5d656c81214a28c36d3a3ce6,Fight the scourge on your own,POLITICS
5d656c81214a28c36d3a3ce7,Real Estate - Selling,POLITICS
5d656c81214a28c36d3a3ce8,CAT sets aside Govt. order,POLITICS
5d656c82214a28c36d3a3ce9,From Paris with love,TRAVEL
5d656c82214a28c36d3a3cea,Bofors papers: CBI allowed to retain final set,POLITICS
5d656c82214a28c36d3a3ceb,Govt. refuses to ban Khushwant's novel,POLITICS
5d656c82214a28c36d3a3cec,Steps to improve ESI benefits,WELLNESS
5d656c82214a28c36d3a3ced,16 Coptic Christians shot in Egypt,POLITICS
5d656c82214a28c36d3a3cee,West Bengal CPI(M) dissidents cornered,POLITICS
5d656c82214a28c36d3a3cef,Business Offers,POLITICS
5d656c83214a28c36d3a3cf0,Non-IT sectors may find favour,WELLNESS
5d656c83214a28c36d3a3cf1,16 killed in Srinagar blast,POLITICS
5d656c83214a28c36d3a3cf2,Notes of antiquity,WELLNESS
5d656c84214a28c36d3a3cf3,China-Vietnam accord marks another milestone,POLITICS
5d656c84214a28c36d3a3cf4,Govt. under fire for 'mishandling' hijack issue,POLITICS
5d656c84214a28c36d3a3cf5,Transport case: witness deposes,POLITICS
5d656c84214a28c36d3a3cf6,Backward class politics at a turning point,POLITICS
5d656c84214a28c36d3a3cf7,Rental,TRAVEL
5d656c85214a28c36d3a3cf8,Recent developments in true perspective,WELLNESS
5d656c85214a28c36d3a3cf9,Overstaying foreigners to be deported,POLITICS
5d656c85214a28c36d3a3cfa,Chords & Notes,COMEDY
5d656c85214a28c36d3a3cfb,Frog eye artificially-produced from own cells,WELLNESS
5d656c85214a28c36d3a3cfc,SC ruling on 'landing charges',POLITICS
5d656c86214a28c36d3a3cfd,Time for treaty,POLITICS
5d656c86214a28c36d3a3cfe,The 'wrong' pair,POLITICS
5d656c86214a28c36d3a3cff,The millennium babies,PARENTING
5d656c86214a28c36d3a3d00,The Sri Lankan presidential poll,POLITICS
5d656c87214a28c36d3a3d01,God is the ultimate authority,POLITICS
5d656c87214a28c36d3a3d02,Student leaders taken into custody,POLITICS
5d656c87214a28c36d3a3d03,Released ultras likely to enter PoK,POLITICS
5d656c87214a28c36d3a3d04,Criteria for issuing 'Tatkal' passports,POLITICS
5d656c87214a28c36d3a3d05,The child on the street,POLITICS
5d656c87214a28c36d3a3d06,Tamil medium: move to prepare curricula,POLITICS
5d656c88214a28c36d3a3d07,"Provocation, intimidation beyond the Dangs",POLITICS
5d656c88214a28c36d3a3d08,"Chetan, Parul record wins",POLITICS
5d656c88214a28c36d3a3d09,CM holds Gram Sabhas in Vizag district,POLITICS
5d656c88214a28c36d3a3d0a,Matrimonial - Brides Wanted,POLITICS
5d656c88214a28c36d3a3d0b,J&K told to go in for reforms,POLITICS
5d656c88214a28c36d3a3d0c,Matrimonial - Brides Wanted,POLITICS
5d656c89214a28c36d3a3d0d,Sales tax not yet uniform in all States,POLITICS
5d656c89214a28c36d3a3d0e,IT case against Sasikala posted for February 7,POLITICS
5d656c89214a28c36d3a3d0f,Opposition appeal to Yashwant Sinha,POLITICS
5d656c89214a28c36d3a3d10,"Sitting ducks for McGrath, Lee",POLITICS
5d656c8a214a28c36d3a3d11,Hired vehicles keep off Mumbai roads,POLITICS
5d656c8a214a28c36d3a3d12,Rental,TRAVEL
5d656c8a214a28c36d3a3d13,Sensex zooms to new high,POLITICS
5d656c8a214a28c36d3a3d14,I feel the burden of responsibility: Barak,WELLNESS
5d656c8a214a28c36d3a3d15,Matrimonial - Bridegrooms Wanted,POLITICS
5d656c8a214a28c36d3a3d16,Panchayats not in dire straits: Govt.,POLITICS
5d656c8b214a28c36d3a3d17,Mr. Yeltsin's surprise decision,POLITICS
5d656c8b214a28c36d3a3d18,Govt. gets its domain on the Internet,POLITICS
5d656c8b214a28c36d3a3d19,No relief in sight for Indian team,POLITICS
5d656c8b214a28c36d3a3d1a,Bomb hoax in Jammu-bound flight,POLITICS
5d656c8c214a28c36d3a3d1b,Real Estate - Selling,POLITICS
5d656c8c214a28c36d3a3d1c,Fog leads to train mishap,WELLNESS
5d656c8c214a28c36d3a3d1d,"Planets, galaxies and stars",ENTERTAINMENT
5d656c8c214a28c36d3a3d1e,"Kalakshetra Foundation: Management, staff row escalates",POLITICS
5d656c8c214a28c36d3a3d1f,A pyrrhic victory,POLITICS
5d656c8c214a28c36d3a3d20,Myanmar rebels depositing 'tax money' in Mizoram,POLITICS
5d656c8d214a28c36d3a3d21,Glenn McGrath cautioned,POLITICS
5d656c8d214a28c36d3a3d22,British victims angry over militants' release,POLITICS
5d656c8d214a28c36d3a3d23,Court directive in marriage hall case,POLITICS
5d656c8e214a28c36d3a3d24,The Science Congress,POLITICS
5d656c8e214a28c36d3a3d25,Landscape around Everest,TRAVEL
5d656c8e214a28c36d3a3d26,Janmabhoomi begins amid students' protests,POLITICS
5d656c8e214a28c36d3a3d27,Arresting hijackers difficult: Pak.,POLITICS
5d656c8e214a28c36d3a3d28,India through pages,POLITICS
5d656c8e214a28c36d3a3d29,"Azhar's omission confidential, says Kapil Dev",POLITICS
5d656c8f214a28c36d3a3d2a,President's nod for five more Bills,POLITICS
5d656c8f214a28c36d3a3d2b,The battle for the tribals' mind and faith,POLITICS
5d656c8f214a28c36d3a3d2c,Approach to counter terrorism,POLITICS
5d656c8f214a28c36d3a3d2d,"Protector, guarantor",POLITICS
5d656c90214a28c36d3a3d2e,Maharashtra plans to improve policing,POLITICS
5d656c90214a28c36d3a3d2f,Mysore Palace in the eye of controversy again,STYLE & BEAUTY
5d656c90214a28c36d3a3d30,Cold wave in north,POLITICS
5d656c90214a28c36d3a3d31,"England collapses, South Africa consolidates",TRAVEL
5d656c90214a28c36d3a3d32,Time for frontal attack on terrorism,POLITICS
5d656c91214a28c36d3a3d33,Change foreign policy,POLITICS
5d656c91214a28c36d3a3d34,Commute death sentence,WELLNESS
5d656c91214a28c36d3a3d35,Ladder-point check' for air passengers,TRAVEL
5d656c91214a28c36d3a3d36,"Truth, foundation of spiritual life",WELLNESS
5d656c92214a28c36d3a3d37,"PM's call a diversionary tactic, says Opposition",POLITICS
5d656c92214a28c36d3a3d38,Maharashtra warns transporters,POLITICS
5d656c92214a28c36d3a3d39,Kaif to lead India under-19 team,POLITICS
5d656c92214a28c36d3a3d3a,Looking beyond the hijacking,POLITICS
5d656c92214a28c36d3a3d3b,Railway finances,POLITICS
5d656c93214a28c36d3a3d3c,Stringent punishment to the corrupt favoured,POLITICS
5d656c93214a28c36d3a3d3d,Rental,TRAVEL
5d656c93214a28c36d3a3d3e,Insurgent leader's release on parole sparks row,POLITICS
5d656c93214a28c36d3a3d3f,Confusion over Pondy continues,POLITICS
5d656c94214a28c36d3a3d40,Hair and controversy inseparable,STYLE & BEAUTY
5d656c94214a28c36d3a3d41,Pawar backs PM's call against Pak.,POLITICS
5d656c94214a28c36d3a3d42,Lavish praise pours in for Laxman,POLITICS
5d656c94214a28c36d3a3d43,Quota of reservations,POLITICS
5d656c94214a28c36d3a3d44,Matrimonial - Brides Wanted,POLITICS
5d656c94214a28c36d3a3d45,Punjab CM inaugurates bridge,POLITICS
5d656c95214a28c36d3a3d46,Money laundering racket uncovered in Delhi,POLITICS
5d656c95214a28c36d3a3d47,Window on a world of music,TRAVEL
5d656c96214a28c36d3a3d48,Seven-wkt. win for New Zealand,POLITICS
5d656c96214a28c36d3a3d49,Matrimonial - Bridegrooms Wanted,POLITICS
5d656c96214a28c36d3a3d4a,Tudjman's party trounced in Croatian poll,POLITICS
5d656c96214a28c36d3a3d4b,Defeat at Kandahar - II,POLITICS
5d656c96214a28c36d3a3d4c,Serial killer nabbed in Orissa,ENTERTAINMENT
5d656c96214a28c36d3a3d4d,India should learn a lesson',POLITICS
5d656c97214a28c36d3a3d4e,Kafelnikov sets his sights high,POLITICS
5d656c98214a28c36d3a3d4f,A pathetic performance,ENTERTAINMENT
5d656c98214a28c36d3a3d50,Ganguly gifted with nerves of steel,WELLNESS
5d656c98214a28c36d3a3d51,BJP ahead in Gujarat local polls,POLITICS
5d656c99214a28c36d3a3d52,Weizman faces graft charge,POLITICS
5d656c99214a28c36d3a3d53,Real Estate - Selling,POLITICS
5d656c99214a28c36d3a3d54,"Quit all but one post, DMK men told",POLITICS
5d656c99214a28c36d3a3d55,Sunil Kumar thrills the crowd before bowing out,POLITICS
5d656c99214a28c36d3a3d56,Sensex heralds millennium with massive gains,POLITICS
5d656c9a214a28c36d3a3d57,"Cullinan, Kallis put S. Africa in command",POLITICS
5d656c9a214a28c36d3a3d58,Gram Sabhas: Villagers take officials to task,POLITICS
5d656c9a214a28c36d3a3d59,Business Offers,POLITICS
5d656c9a214a28c36d3a3d5a,Pak. national held for overstaying,POLITICS
5d656c9a214a28c36d3a3d5b,Commando team on standby at Coimbatore airport,POLITICS
5d656c9a214a28c36d3a3d5c,Enough evidence to damn Pak: Vajpayee,POLITICS
5d656c9b214a28c36d3a3d5d,Auto exports decline,POLITICS
5d656c9b214a28c36d3a3d5e,Agarkar equals dubious World record,POLITICS
5d656c9c214a28c36d3a3d5f,Scheme to promote welfare of manual workers launched,POLITICS
5d656c9c214a28c36d3a3d60,PM sees closer ties with Russia,POLITICS
5d656c9c214a28c36d3a3d61,ASSOCHAM plan to boost investment,POLITICS
5d656c9c214a28c36d3a3d62,Masood can come to Pak.',WELLNESS
5d656c9c214a28c36d3a3d63,Small wonder,POLITICS
5d656c9d214a28c36d3a3d64,Pakistan loses again,POLITICS
5d656c9d214a28c36d3a3d65,DSQ Software MD steps down,WELLNESS
5d656c9d214a28c36d3a3d66,Wahid-Wiranto discord again?,POLITICS
5d656c9d214a28c36d3a3d67,Tamil medium: Govt. files counter-affidavit,POLITICS
5d656c9e214a28c36d3a3d68,Gujarat ban on staff joining RSS goes,POLITICS
5d656c9e214a28c36d3a3d69,Talk of the town,POLITICS
5d656c9e214a28c36d3a3d6a,Militants' bid to kill MLA fails,POLITICS
5d656c9e214a28c36d3a3d6b,"Abhinn, Laxmi lift titles",WELLNESS
5d656c9f214a28c36d3a3d6c,Clear Sense and Spice Boy shine,ENTERTAINMENT
5d656c9f214a28c36d3a3d6d,Yeltsin's daughter sacked; Kremlin 'family' still in control,POLITICS
5d656c9f214a28c36d3a3d6e,Feud in TNCC(I) may intensify,POLITICS
5d656c9f214a28c36d3a3d6f,Hijackers in Pak. military base?,POLITICS
5d656ca0214a28c36d3a3d70,Delay in settling insurance claims 'deficiency in service',POLITICS
5d656ca0214a28c36d3a3d71,Caste as vested interest,POLITICS
5d656ca0214a28c36d3a3d72,Corporate dealings,POLITICS
5d656ca0214a28c36d3a3d73,"Kafelnikov, Black bow out",ENTERTAINMENT
5d656ca0214a28c36d3a3d74,Junior doctors' strike from today,POLITICS
5d656ca1214a28c36d3a3d75,Samajwadi Party MLAs disrupt Assembly proceedings,POLITICS
5d656ca1214a28c36d3a3d76,LCA test flight by January end,POLITICS
5d656ca1214a28c36d3a3d77,NHRC writes to CMs and CJs on prison reforms,POLITICS
5d656ca1214a28c36d3a3d78,Bagan shatters East Bengal's hopes,POLITICS
5d656ca2214a28c36d3a3d79,Pondy Telecom dept. flooded with applications,POLITICS
5d656ca2214a28c36d3a3d7a,Russia waives $ 57 m Pak. debt,POLITICS
5d656ca2214a28c36d3a3d7b,"Ukraine retains title, India finishes third",POLITICS
5d656ca2214a28c36d3a3d7c,Four-lane system likely to be scrapped,POLITICS
5d656ca2214a28c36d3a3d7d,Rockets recovered,POLITICS
5d656ca3214a28c36d3a3d7e,Customs duty likely to be rationalised,POLITICS
5d656ca3214a28c36d3a3d7f,Anagram & La Primavera impress,ENTERTAINMENT
5d656ca3214a28c36d3a3d80,Bungling that proved costly,POLITICS
5d656ca3214a28c36d3a3d81,W. Asia talks: 'minor' irritants to the fore,POLITICS
5d656ca4214a28c36d3a3d82,Poll schedule for 4 States soon,POLITICS
5d656ca4214a28c36d3a3d83,"PSCB, Railways given top billing",POLITICS
5d656ca4214a28c36d3a3d84,We will abide by CM's decision: Ramamurthy,POLITICS
5d656ca4214a28c36d3a3d85,"Chandrika hits out at UNP, LTTE",POLITICS
5d656ca4214a28c36d3a3d86,Australia tightens grip,POLITICS
5d656ca5214a28c36d3a3d87,Pondy CM to meet PM today,POLITICS
5d656ca5214a28c36d3a3d88,Two ULFA militants killed in encounter,POLITICS
5d656ca5214a28c36d3a3d89,The programme for the millennium,ENTERTAINMENT
5d656ca6214a28c36d3a3d8a,Diploma course selection quashed,POLITICS
5d656ca6214a28c36d3a3d8b,Yashwant Sinha to start pre-budget meetings today,POLITICS
5d656ca6214a28c36d3a3d8c,Memorial for Kargil heroes inaugurated,POLITICS
5d656ca6214a28c36d3a3d8d,Several deficiencies that mar sports promotion,POLITICS
5d656ca6214a28c36d3a3d8e,A credulous claim,POLITICS
5d656ca7214a28c36d3a3d8f,State's honour of Allahrakha: Maya Rao bags Shantala Award,POLITICS
5d656ca7214a28c36d3a3d90,King Carlos' disappoints fans again,ENTERTAINMENT
5d656ca7214a28c36d3a3d91,Transport corpn. case takes serious turn,POLITICS
5d656ca7214a28c36d3a3d92,CWC meet to discuss hijack issue,POLITICS
5d656ca7214a28c36d3a3d93,No benefits in not signing CTBT: Pak.,POLITICS
5d656ca8214a28c36d3a3d94,Zero tolerance & terrorism,POLITICS
5d656ca8214a28c36d3a3d95,Four pilgrims from Tamil Nadu killed,POLITICS
5d656ca9214a28c36d3a3d96,All in the game,ENTERTAINMENT
5d656ca9214a28c36d3a3d97,Wallowing in tradition,POLITICS
5d656ca9214a28c36d3a3d98,National Conference is a solid rock',POLITICS
5d656ca9214a28c36d3a3d99,Is it a tailspin?,POLITICS
5d656caa214a28c36d3a3d9a,"dated January 5, 1950: The Kashmir deadlock",POLITICS